library,B2_1,B1_1,B2_2,B1_2,aa,pos,mut
30166.0,57323,72527,30360,157106,,-1,
742.0,2747,838,4901,127,A,16,L
663.0,19,17,22,1974,E,5,D
567.0,1689,330,55,12653,F,2,L
529.0,592,323,824,1241,A,15,S
517.0,3093,109,14,2975,A,16,S
514.0,103,142,685,0,A,15,L
495.0,0,331,1701,0,E,5,L
490.0,1025,41,2758,0,Y,17,L
465.0,529,508,190,0,T,3,L
452.0,206,63,252,25297,Q,21,L
451.0,1829,118,0,150,D,10,L
437.0,446,967,1428,104,N,18,L
416.0,0,184,278,12,N,18,S
412.0,160,161,1488,1495,F,2,S
399.0,0,2397,358,110,T,14,L
392.0,2107,0,0,0,E,12,L
389.0,558,130,898,0,A,16,R
386.0,39,3204,257,0,D,6,L
384.0,239,33,229,1716,E,12,S
383.0,29,0,0,1499,A,15,T
382.0,15,4293,0,2241,Q,21,R
382.0,762,27,0,19,A,16,T
380.0,28,464,0,13,V,22,L
367.0,0,524,138,1147,A,15,R
344.0,806,13,275,0,A,16,V
336.0,0,885,0,0,F,2,A
333.0,2304,189,1103,0,E,5,R
329.0,0,1768,0,2084,Q,21,S
325.0,328,0,0,0,T,3,R
317.0,1679,0,0,2317,F,2,R
316.0,8471,12,13,43,T,14,S
315.0,16,15,0,4785,D,20,S
307.0,2016,0,456,0,D,10,S
306.0,18,33,324,89,F,7,L
306.0,128,0,140,0,Q,13,L
306.0,0,10,3158,2755,E,5,S
303.0,555,17,0,0,Y,17,S
299.0,0,276,53,104,F,2,M
298.0,0,1486,260,0,A,16,M
297.0,0,0,0,0,E,12,T
290.0,434,732,0,0,A,16,W
289.0,304,738,0,123,W,11,L
283.0,0,0,0,0,A,16,K
283.0,294,511,19719,83,T,3,S
282.0,3283,10,14,1690,F,2,V
280.0,1255,889,0,1212,Q,25,R
280.0,456,676,0,0,D,6,S
280.0,0,1820,87,28,D,20,L
276.0,0,30,0,190,F,2,T
276.0,0,3447,0,35,E,24,L
275.0,71,0,172,308,L,19,V
274.0,422,1572,36,1562,D,20,T
267.0,619,834,0,1225,D,20,V
265.0,272,811,48,3974,F,2,G
264.0,50,17,18,28,W,11,R
262.0,597,13,104,17,L,19,P
257.0,2207,2642,14,581,Y,17,T
256.0,518,695,0,6086,E,12,R
255.0,15,43,10,9707,L,19,R
253.0,851,1860,1423,0,N,18,R
249.0,27,2441,0,103,Q,21,T
248.0,0,0,0,0,T,14,*
246.0,0,64,131,339,D,20,R
243.0,79,1788,19,0,Y,17,R
241.0,127,16,598,0,L,4,S
240.0,52,0,0,0,E,12,F
240.0,14,83,0,18,Q,13,R
238.0,74,0,0,0,F,2,P
234.0,0,0,0,0,A,15,F
234.0,2302,0,173,0,D,10,R
234.0,16,28,0,0,T,14,R
233.0,359,26,0,1239,T,14,V
232.0,1815,0,223,0,A,16,F
229.0,0,0,260,0,A,16,P
227.0,3385,0,0,0,L,23,S
221.0,0,0,0,0,A,16,Q
220.0,62,388,15,0,E,5,T
219.0,0,137,0,0,F,7,R
218.0,267,11,0,3053,E,12,K
217.0,0,0,63,1298,E,24,S
216.0,0,39,0,179,Q,21,A
212.0,2959,41,0,18,L,4,R
212.0,138,1715,0,0,F,2,*
212.0,177,0,0,0,A,16,*
212.0,0,237,0,0,L,19,S
210.0,249,0,385,0,E,5,V
208.0,0,65,21,58,E,12,*
206.0,0,47,20,0,E,5,M
204.0,591,1406,0,4047,F,7,P
203.0,3350,51,2363,11,Q,21,F
202.0,4656,25,173,0,L,23,T
202.0,493,798,74,0,G,9,L
201.0,4719,50,52,3154,A,15,V
201.0,270,1487,64,0,F,2,W
199.0,153,0,0,0,D,20,P
197.0,0,686,0,4308,W,11,I
196.0,96,0,193,1845,A,15,Q
194.0,733,542,156,0,Y,17,V
191.0,872,0,40,112,L,4,V
189.0,0,77,0,10,Q,13,P
188.0,133,0,42,11,E,24,V
188.0,256,0,1075,0,E,12,W
188.0,286,0,31,0,G,9,S
187.0,0,1312,0,0,Y,17,M
187.0,0,2348,0,670,T,3,V
186.0,59,121,586,1164,D,6,T
185.0,0,0,0,0,E,12,Y
184.0,0,48,1263,28,T,14,A
183.0,134,0,0,1198,L,19,T
181.0,139,210,56,22,T,3,A
181.0,0,584,984,0,D,6,M
180.0,0,105,0,686,F,2,H
178.0,0,67,0,14,Q,21,*
178.0,450,916,0,18,F,7,V
177.0,0,259,56,0,D,10,W
177.0,2586,0,32,0,D,6,R
176.0,0,0,0,0,A,15,*
176.0,133,0,0,4353,E,12,M
175.0,1105,0,0,14,L,23,P
174.0,0,907,24,0,T,3,P
173.0,0,200,0,0,A,15,M
173.0,0,12,0,0,D,6,W
172.0,0,719,344,0,T,3,M
171.0,0,0,42,0,Q,21,V
170.0,0,125,0,0,A,15,I
170.0,0,0,0,0,A,15,P
169.0,0,1836,0,0,W,11,T
169.0,33,33,204,19,Q,21,M
169.0,130,0,810,0,D,10,K
169.0,88,0,0,0,L,19,K
167.0,0,0,0,0,A,15,H
167.0,0,0,0,0,A,15,W
166.0,0,0,641,0,V,8,R
165.0,0,0,74,0,Y,17,K
164.0,430,0,0,0,A,15,Y
162.0,0,0,317,0,D,10,M
162.0,0,0,0,0,N,18,P
160.0,0,0,0,0,A,15,G
158.0,0,138,0,0,E,5,W
158.0,213,41,2245,885,D,10,T
156.0,180,794,0,23,F,7,S
156.0,236,195,119,0,L,4,K
155.0,13,0,74,45,D,10,Y
154.0,0,24,82,96,Y,17,N
154.0,55,14,647,0,V,8,L
152.0,800,54,0,24,E,5,*
150.0,0,0,0,0,T,14,P
149.0,145,0,166,2364,N,18,M
148.0,11,0,0,0,L,19,*
148.0,0,0,0,0,W,11,A
147.0,0,32,0,0,L,19,N
146.0,91,25,0,0,Q,13,F
146.0,24,30,35,101,Q,25,H
146.0,109,17,49,56,D,20,Y
145.0,0,0,0,0,D,20,A
143.0,288,0,13,0,D,6,*
143.0,29,36,3056,26,E,5,G
142.0,0,45,0,0,D,20,M
142.0,0,0,0,0,T,14,N
142.0,93,1074,0,0,Q,21,I
140.0,0,173,0,0,E,12,P
140.0,0,21,59,230,E,12,G
140.0,97,0,0,0,Y,17,A
139.0,2381,17,261,7517,L,4,G
139.0,0,40,269,0,T,14,W
138.0,94,0,32,189,T,3,G
138.0,0,415,114,12,D,10,A
137.0,0,0,679,0,A,16,G
137.0,0,395,44,0,E,24,R
137.0,326,0,259,0,A,16,E
137.0,0,0,94,989,D,20,K
137.0,0,0,0,0,Q,13,A
137.0,643,0,0,0,V,22,R
136.0,523,0,154,0,A,16,N
136.0,0,0,0,18,F,2,I
135.0,107,0,1474,0,D,10,Q
135.0,0,40,147,0,T,3,Q
134.0,932,44,11,125,Q,21,K
134.0,0,102,38,19,Q,13,K
134.0,0,208,0,0,A,15,K
133.0,0,186,829,0,V,22,T
133.0,48,1817,0,22,G,9,R
133.0,181,49,2306,161,F,2,Q
132.0,0,0,180,0,Q,25,S
132.0,0,57,0,0,Q,13,G
132.0,0,1457,0,0,N,18,V
131.0,34,25,127,0,N,18,T
130.0,0,0,0,0,L,23,G
130.0,0,0,0,10,W,11,S
129.0,116,0,0,0,V,22,W
129.0,0,183,0,0,D,6,F
128.0,0,31,0,0,E,12,A
127.0,0,0,0,929,E,12,V
127.0,0,0,0,379,F,2,N
127.0,0,0,2302,0,D,10,F
126.0,0,13,17,16,L,4,P
126.0,0,0,0,0,F,2,E
126.0,0,0,355,186,F,2,C
126.0,30,191,83,0,E,5,P
126.0,0,435,0,49,G,9,V
126.0,0,0,1529,0,Y,17,I
125.0,0,720,289,0,L,4,W
125.0,0,0,0,0,L,19,W
123.0,212,82,1021,0,E,5,F
123.0,0,0,0,0,E,12,N
123.0,382,0,0,0,L,19,F
122.0,0,0,0,0,T,3,F
122.0,38,0,0,0,F,2,D
122.0,178,10,0,0,F,2,K
122.0,0,2487,0,551,E,12,I
121.0,760,0,92,11,D,6,K
121.0,987,0,0,0,Y,17,P
118.0,42,96,28,93,E,5,A
117.0,0,0,421,0,N,18,Y
116.0,0,0,0,34,T,14,K
116.0,3698,0,0,0,Q,13,S
115.0,0,92,49,0,D,10,N
114.0,353,0,98,0,Q,21,Y
114.0,2997,0,0,0,T,3,*
114.0,0,0,0,0,L,19,A
113.0,127,162,0,197,Q,21,H
113.0,11,13,0,35,T,3,K
112.0,1615,87,63,0,V,8,S
112.0,0,83,0,0,A,15,N
112.0,0,1430,0,26,W,11,G
112.0,53,0,494,0,L,4,A
111.0,0,0,0,19,D,6,G
111.0,3421,580,297,0,A,16,I
111.0,0,0,77,0,D,10,*
111.0,54,2164,162,0,E,24,A
111.0,624,0,29,0,N,18,W
110.0,50,56,1736,0,V,22,S
110.0,0,0,0,0,D,20,*
109.0,2252,1887,0,0,A,16,Y
108.0,0,0,2624,0,D,10,P
108.0,0,0,1235,0,E,24,T
108.0,16,2280,0,202,L,19,M
107.0,0,207,0,0,L,19,H
106.0,0,0,0,0,L,19,Y
106.0,0,813,81,0,T,14,F
106.0,0,0,0,0,Q,21,W
105.0,0,0,0,0,Q,13,D
105.0,1967,0,0,0,A,16,C
105.0,0,0,81,0,N,18,E
104.0,45,45,44,0,G,9,A
103.0,0,540,177,0,D,6,V
102.0,0,0,62,0,L,4,F
102.0,0,13,0,19,A,16,D
102.0,0,0,0,10,Q,21,P
102.0,0,50,114,0,L,4,Q
101.0,15,0,0,0,W,11,V
101.0,107,0,0,0,L,23,E
101.0,0,0,0,0,A,15,C
101.0,536,10,0,0,E,5,N
100.0,62,0,2032,0,N,18,G
100.0,110,119,0,0,L,23,*
100.0,96,2129,0,0,F,7,T
99.0,20,27,12,43,E,12,D
99.0,0,0,224,87,G,9,I
98.0,282,0,34,1093,Q,25,L
98.0,0,0,0,0,N,18,I
97.0,2550,568,0,0,L,4,M
96.0,0,0,0,0,N,18,*
96.0,88,59,0,279,Q,21,E
95.0,0,0,682,0,N,18,F
95.0,0,0,0,0,T,3,W
95.0,0,0,0,54,E,12,C
95.0,0,0,0,14,L,23,R
94.0,0,0,170,0,Q,25,T
94.0,14,10,0,20,Q,25,P
93.0,484,0,0,0,Q,13,V
93.0,0,225,493,0,L,4,T
93.0,0,0,94,0,T,3,C
91.0,0,35,0,0,F,7,A
91.0,0,460,0,0,W,11,N
90.0,138,649,0,1133,L,19,I
90.0,13,18,0,638,D,20,E
90.0,0,0,716,0,Q,13,M
90.0,0,0,0,0,E,24,H
90.0,3515,314,0,0,W,11,H
89.0,0,37,54,668,Q,21,C
89.0,0,0,0,78,E,5,Y
89.0,653,0,0,0,N,18,H
88.0,1452,0,111,0,E,5,C
88.0,33,37,0,90,W,11,C
88.0,0,0,0,20,E,5,K
88.0,3764,0,48,19,T,3,I
87.0,10,11,0,467,Y,17,H
87.0,0,0,363,0,E,5,I
87.0,0,0,0,0,G,9,Q
87.0,20,0,0,0,V,8,P
86.0,700,0,0,0,L,19,G
86.0,0,0,0,13,E,24,Q
86.0,82,463,560,0,Y,17,F
86.0,0,0,0,0,Q,13,T
86.0,56,0,0,0,W,11,P
85.0,0,0,0,0,D,20,I
85.0,0,0,0,0,G,9,T
84.0,242,105,0,0,N,18,A
84.0,0,117,0,0,D,6,P
84.0,0,0,0,0,T,3,E
84.0,0,0,0,0,F,7,E
84.0,0,0,0,0,E,24,P
83.0,0,365,0,0,D,20,Q
83.0,131,43,42,0,W,11,F
82.0,0,0,0,0,E,5,Q
82.0,0,35,0,0,V,22,*
82.0,0,0,0,0,L,23,A
81.0,439,554,0,0,D,10,V
80.0,1503,10,0,0,L,4,*
80.0,442,0,0,24,L,4,I
80.0,0,0,0,0,V,8,T
79.0,26,54,1846,81,Q,13,H
79.0,0,0,10,0,Q,25,W
79.0,78,0,0,0,E,12,Q
79.0,0,152,45,0,L,4,C
79.0,19,27,13,360,L,19,Q
78.0,122,0,0,0,T,3,D
78.0,0,292,204,0,V,8,K
78.0,0,0,0,92,L,23,F
78.0,0,268,0,23,F,2,Y
77.0,0,32,0,0,G,9,E
77.0,0,0,37,0,Q,13,E
76.0,0,1898,0,0,W,11,M
76.0,15,22,242,249,A,15,D
75.0,23,0,1239,0,N,18,C
75.0,30,682,19,68,D,6,E
74.0,0,0,0,0,Y,17,G
74.0,18,25,0,48,N,18,K
74.0,351,0,0,0,Q,13,I
74.0,340,872,0,0,E,24,M
74.0,0,0,0,11,Q,13,*
73.0,0,0,0,0,G,9,P
72.0,13,24,53,56,E,24,*
72.0,0,0,0,61,Q,25,M
72.0,10,0,3605,16,T,14,G
72.0,0,268,0,0,Q,13,C
72.0,0,0,0,20,V,22,A
71.0,0,0,0,0,L,23,Y
71.0,0,0,629,0,D,6,C
71.0,0,0,0,0,A,16,H
70.0,0,0,51,0,G,9,F
70.0,0,0,0,0,G,9,D
70.0,0,0,0,0,T,14,Q
70.0,628,0,0,578,T,3,N
70.0,0,0,35,0,F,7,M
69.0,0,0,455,0,D,10,H
69.0,11,601,0,23,Y,17,*
69.0,0,0,0,0,F,7,Q
69.0,10,19,0,30,W,11,*
68.0,1976,24,565,59,V,8,F
68.0,0,0,0,0,L,4,E
68.0,0,0,95,0,Q,21,G
68.0,0,65,0,11,Q,25,*
67.0,0,0,0,0,F,7,G
67.0,14,105,0,53,G,9,W
67.0,0,0,0,0,T,14,Y
66.0,0,0,0,145,D,6,A
66.0,314,0,0,0,T,14,H
66.0,0,162,0,0,L,23,V
64.0,0,0,0,1085,F,7,H
64.0,0,17,0,0,Y,17,Q
63.0,0,0,0,2148,D,20,C
63.0,33,127,13,96,V,22,F
63.0,0,340,27,0,D,6,Q
62.0,15,391,532,0,E,24,I
62.0,1389,0,0,3443,Y,17,W
61.0,566,0,0,0,D,6,I
61.0,52,0,570,0,E,24,W
61.0,0,49,0,0,T,3,Y
61.0,0,0,0,88,Q,25,A
61.0,0,0,0,0,Q,25,V
61.0,0,64,15,0,W,11,Y
60.0,434,13,0,25,D,10,G
60.0,0,0,11,11,D,20,N
60.0,475,0,0,0,F,7,W
59.0,196,97,69,431,T,3,H
59.0,0,0,0,11,D,6,H
59.0,0,0,10,0,A,15,E
58.0,214,793,0,0,L,23,M
58.0,0,0,0,0,G,9,K
58.0,0,0,0,0,F,7,K
58.0,78,0,0,0,L,23,K
58.0,0,0,0,1323,V,22,G
57.0,0,0,0,114,E,24,K
57.0,1219,0,0,0,D,10,C
57.0,0,0,0,16,V,8,I
57.0,14,20,183,66,L,23,I
57.0,0,0,18,0,Q,21,N
57.0,0,0,0,0,L,23,C
55.0,0,0,739,0,T,14,E
55.0,0,0,0,0,G,9,M
55.0,0,0,0,0,V,8,Q
54.0,0,0,0,0,D,20,W
54.0,0,0,0,0,E,12,H
53.0,47,0,0,0,F,7,*
53.0,15,266,451,36,D,6,Y
53.0,0,0,0,0,L,23,N
53.0,49,0,0,0,G,9,*
53.0,15,0,19,0,N,18,Q
52.0,0,0,0,0,T,14,C
52.0,0,0,0,471,T,14,M
52.0,18,0,214,0,V,8,W
51.0,1188,18,0,38,Q,25,K
51.0,0,1937,0,0,Y,17,E
51.0,0,17,0,28,D,20,G
50.0,0,11,0,32,D,10,E
50.0,0,0,0,0,W,11,Q
49.0,12,12,0,25,E,24,G
48.0,0,0,692,0,T,14,D
48.0,0,0,0,0,V,8,H
47.0,169,757,0,10,Y,17,D
47.0,0,0,0,20,T,14,I
47.0,0,186,0,0,Q,25,Y
47.0,0,0,0,0,Q,21,D
46.0,37,0,0,0,D,10,I
46.0,20,24,0,39,E,24,D
46.0,0,0,172,18,V,8,A
45.0,0,0,0,0,L,19,D
45.0,43,0,0,25,F,7,Y
44.0,0,0,0,0,W,11,E
44.0,0,0,0,0,E,24,N
44.0,0,0,0,0,L,23,Q
42.0,0,100,0,0,E,24,C
42.0,0,0,0,0,V,22,Y
42.0,0,0,0,1021,D,20,H
41.0,0,0,25,0,E,24,Y
40.0,163,10,0,19,Y,17,C
40.0,0,0,0,0,V,22,P
40.0,0,0,15,0,Q,25,N
39.0,0,274,0,0,L,4,N
37.0,0,0,0,0,V,8,N
37.0,818,0,0,0,L,23,W
37.0,0,0,0,0,L,19,E
36.0,2659,0,0,0,V,22,M
36.0,596,0,0,0,D,20,F
36.0,0,68,0,0,V,22,N
35.0,0,0,0,0,Q,25,G
35.0,0,66,0,27,L,4,H
34.0,0,0,0,0,Q,13,Y
34.0,0,0,0,110,V,8,C
34.0,25,0,0,0,V,8,M
33.0,0,0,0,0,V,8,E
33.0,0,0,0,0,L,19,C
32.0,0,0,0,0,L,4,D
32.0,13,12,2856,0,Q,13,N
32.0,0,426,0,0,G,9,C
31.0,0,278,300,14,N,18,D
31.0,24,0,243,0,L,4,Y
30.0,0,0,0,0,Q,13,W
30.0,0,0,0,0,F,7,C
29.0,0,0,0,0,E,24,F
29.0,0,0,0,0,F,7,N
29.0,0,81,0,0,W,11,K
29.0,0,20,0,0,V,22,K
28.0,0,0,0,0,V,8,*
28.0,0,0,0,0,V,22,Q
28.0,29,0,68,0,V,22,I
28.0,0,26,0,0,Q,25,F
27.0,0,0,0,10,F,7,I
27.0,0,0,0,0,W,11,D
26.0,0,0,0,0,L,23,D
26.0,11,12,194,21,V,8,G
26.0,0,673,1254,0,E,5,H
25.0,0,0,0,0,V,22,E
24.0,23,0,0,0,G,9,N
24.0,0,0,0,0,Q,25,I
23.0,0,0,0,0,V,22,H
22.0,15,447,0,30,V,22,D
22.0,66,16,0,0,F,7,D
21.0,0,0,0,0,D,6,N
21.0,0,963,0,0,Q,25,E
19.0,0,0,0,0,G,9,Y
19.0,180,10,0,18,L,23,H
18.0,0,0,0,23,V,8,D
16.0,0,0,0,0,Q,25,D
14.0,0,13,0,0,G,9,H
13.0,0,0,0,0,V,22,C
13.0,0,0,139,0,V,8,Y
10.0,0,0,0,0,Q,25,C
