pos,mut,Coefficient,P-value,alpha,B1_1,B2_1,B1_2,B2_2,library
10,A,-0.9726473552408194,0.2113949635481055,,415.0,0.1,12.0,114.0,138.0
11,A,7.333796255722934e-16,0.6209421661001043,,,,,,
12,A,9.55026828545747e-16,0.470591947221335,,,,,,
13,A,-8.008921690029401e-16,0.8912112512345931,,,,,,
14,A,-0.12016575780442734,0.8739958326529741,,48.0,0.1,28.0,1263.0,184.0
15,A,1.0176012836697778e-15,0.4331300228146209,,,,,,
16,A,-8.607578851282726e-16,0.475575996567837,,,,,,
17,A,-4.87634123947612e-16,0.7333944742346898,,,,,,
18,A,-7.580347436874541e-16,0.6265175758995691,,,,,,
19,A,8.089238844223227e-16,0.3165715147596513,,,,,,
2,A,1.6129602955049174e-15,0.20638137590933991,,,,,,
20,A,5.797186353291393e-17,0.9606358625175369,,,,,,
21,A,-0.4821510202340818,0.6590569892107626,,39.0,0.1,179.0,0.1,216.0
22,A,5.375821928993006e-16,0.7855126932870473,,,,,,
23,A,1.4847787907033498e-15,0.35824140868743204,,,,,,
24,A,0.13566799478709357,0.9018522806214393,,2164.0,54.0,0.1,162.0,111.0
25,A,-1.2773807291132146e-15,0.31653664079494626,,,,,,
3,A,-0.04224084160940962,0.9566623265499933,,210.0,139.0,22.0,56.0,181.0
4,A,1.2682374731633583,0.10433493434409245,,0.1,53.0,0.1,494.0,112.0
5,A,-0.27048544213077663,0.8038406124634206,,96.0,42.0,93.0,28.0,118.0
6,A,1.709483358794878e-15,0.29589794729103525,,,,,,
7,A,9.703079468311731e-17,0.938714658351856,,,,,,
8,A,-1.687634845043609e-15,0.4305456132862535,,,,,,
9,A,0.8189966754295618,0.27631011834105745,,45.0,45.0,0.1,44.0,104.0
10,C,1.1240216984027152e-15,0.20197743546068359,,,,,,
11,C,-0.6490148960398978,0.5518850001652444,,37.0,33.0,90.0,0.1,88.0
12,C,1.0212498962871768e-15,0.33183141823050377,,,,,,
13,C,1.0538416209801268e-15,0.40166667759255126,,,,,,
14,C,1.4803765012354347e-15,0.1588220000200271,,,,,,
15,C,-2.6557889963398024e-16,0.8607369099950912,,,,,,
16,C,-1.8373624082532615e-15,0.2120880481595827,,,,,,
17,C,0.15580092784653954,0.8859666207466642,,10.0,163.0,19.0,0.1,40.0
18,C,0.8025039487180292,0.3003684133485286,,0.1,23.0,0.1,1239.0,75.0
19,C,7.229708864082098e-17,0.949063951416789,,,,,,
2,C,-1.0172336160857224e-15,0.2301431731657907,,,,,,
20,C,1.3474722827492035e-15,0.18220968875472954,,,,,,
21,C,-0.46011596295478574,0.6709432843875972,,37.0,0.1,668.0,54.0,89.0
22,C,1.6687897132530318e-16,0.8646641910137389,,,,,,
23,C,-8.038965047591367e-16,0.3319628535287198,,,,,,
24,C,-1.1881553852125888e-15,0.6180199135073265,,,,,,
25,C,1.9977438624784522e-16,0.8850226929980747,,,,,,
3,C,-2.228936503989436e-16,0.8287196209137722,,,,,,
4,C,-0.727740691715779,0.3502080360995039,,152.0,0.1,0.1,45.0,79.0
5,C,1.504505287164101,0.16386712770011824,,0.1,1452.0,0.1,111.0,88.0
6,C,2.911084572930912e-16,0.6993544281246228,,,,,,
7,C,1.876024975375413e-15,0.35461891859829076,,,,,,
8,C,-1.1667682529686092e-16,0.9332436112354923,,,,,,
9,C,1.1190299624860973e-15,0.487570839273353,,,,,,
10,D,5.26502871602808e-16,0.627518660471071,,,,,,
11,D,2.318497417947104e-16,0.791588032250389,,,,,,
12,D,0.9156452088513153,0.4086106045989556,,27.0,20.0,43.0,12.0,99.0
13,D,-7.519452159949423e-16,0.3690090201841334,,,,,,
14,D,-2.551666390387828e-15,0.27242884115329113,,,,,,
15,D,0.550081545432853,0.4718779600300538,,22.0,15.0,249.0,242.0,76.0
16,D,-1.0349411567789841,0.18348233633631883,,13.0,0.1,19.0,0.1,102.0
17,D,0.7071029937796393,0.521692105963825,,757.0,169.0,10.0,0.1,47.0
18,D,-0.6159417923383251,0.4280630053690214,,278.0,0.1,14.0,300.0,31.0
19,D,-1.9330109041422038e-15,0.5088554202249586,,,,,,
2,D,-9.874903859866547e-16,0.5586354479549351,,,,,,
20,D,-2.173006880848998e-16,0.8904621181035807,,,,,,
21,D,-5.167016643509647e-16,0.7094875077110498,,,,,,
22,D,-0.8925755772030615,0.2375531375616582,,447.0,15.0,30.0,0.1,22.0
23,D,1.2088644873507168e-15,0.39397093507118264,,,,,,
24,D,-0.3395700488440424,0.7594986675012713,,24.0,20.0,39.0,0.1,46.0
25,D,2.1889000425870572e-15,0.17282840309627845,,,,,,
3,D,-8.529524871709177e-19,0.9988787704688246,,,,,,
4,D,-1.7595253724666537e-16,0.9207453680888951,,,,,,
5,D,0.32492936471274153,0.767186793111147,,17.0,19.0,1974.0,22.0,663.0
6,D,1.4270822665900157e-15,0.4430138317588118,,,,,,
7,D,-1.3489424303526204e-15,0.3457699147895663,,,,,,
8,D,4.116322534775346e-16,0.7584465565003017,,,,,,
9,D,1.1349300432949642e-15,0.2427790003032052,,,,,,
10,E,-1.0744804447169825,0.15472955295763013,,11.0,0.1,32.0,0.1,50.0
11,E,-2.247356277397762e-16,0.8623564264256669,,,,,,
12,E,-7.699997809823432e-16,0.5418468531768819,,,,,,
13,E,4.466614886904426e-16,0.8435862609346855,,,,,,
14,E,-1.4963117781626247e-15,0.307003780208439,,,,,,
15,E,1.0160797895758707e-15,0.4634631703602414,,,,,,
16,E,1.5781418009803059,0.037006951639101324,*,0.1,326.0,0.1,259.0,137.0
17,E,-5.434083114832137e-16,0.7926957581233515,,,,,,
18,E,1.5863873843985172e-16,0.7925735870551771,,,,,,
19,E,-9.30410287575633e-16,0.2180752024954905,,,,,,
2,E,2.8508108848614505e-16,0.8387092737363455,,,,,,
20,E,0.167110577054112,0.8225284537022011,,18.0,13.0,638.0,0.1,90.0
21,E,0.5634696997870765,0.5857037051996387,,59.0,88.0,279.0,0.1,96.0
22,E,1.7780798592260083e-16,0.9452058700629804,,,,,,
23,E,-1.7119169175377886e-15,0.44051958143602044,,,,,,
24,E,4.64255500938921e-16,0.6681446304191574,,,,,,
25,E,1.928441830227122e-15,0.6568185697956196,,,,,,
3,E,-7.582881716605639e-16,0.6943999312995157,,,,,,
4,E,1.0789351246777829e-15,0.2895540683663973,,,,,,
5,E,-7.522314832243768e-16,0.5420513718713542,,,,,,
6,E,-1.51829282910102,0.14360291177519285,,682.0,30.0,68.0,19.0,75.0
7,E,1.0250274777119528e-15,0.542260373525076,,,,,,
8,E,4.76107599025611e-16,0.47869259494991834,,,,,,
9,E,8.56804350953699e-16,0.37526072378328323,,,,,,
10,F,-4.386068830544148e-16,0.4417780833965781,,,,,,
11,F,0.6014494037308749,0.5886935422870941,,43.0,131.0,0.1,42.0,83.0
12,F,-1.1700097169562834e-15,0.3346363292998752,,,,,,
13,F,-5.240056447027455e-16,0.38864272796263133,,,,,,
14,F,-0.7629137396395651,0.3164060263067112,,813.0,0.1,0.1,81.0,106.0
15,F,-1.2274841393223926e-17,0.9865462039629994,,,,,,
16,F,0.32379822726751717,0.676276316886263,,0.1,1815.0,0.1,223.0,232.0
17,F,0.9316673443163156,0.39899051275244146,,463.0,82.0,0.1,560.0,86.0
18,F,9.604940367061125e-16,0.09289209217156251,.,,,,,
19,F,7.339156309213847e-16,0.110139410457137,,,,,,
2,F,-2.9650821933541495e-16,0.6733723470889192,,,,,,
20,F,-9.763965262555134e-16,0.2262994720684428,,,,,,
21,F,1.0464572449628877,0.3424741860426177,,51.0,3350.0,11.0,2363.0,203.0
22,F,-1.1674720640430296,0.12138707877285795,,127.0,33.0,96.0,13.0,63.0
23,F,6.886979565084556e-16,0.6048621546031583,,,,,,
24,F,1.0443578980472394e-17,0.9859612797770662,,,,,,
25,F,-5.736780588098003e-16,0.6595406474813355,,,,,,
3,F,5.103355053471162e-16,0.4561452535663909,,,,,,
4,F,7.468514978305848e-16,0.29506536934570904,,,,,,
5,F,0.37759666422942734,0.7309701250866141,,82.0,212.0,0.1,1021.0,123.0
6,F,-3.0833931119393223e-16,0.645469757746667,,,,,,
7,F,-8.001638970477926e-16,0.13223015968636015,,,,,,
8,F,-0.39316787827294397,0.6028669354146201,,24.0,1976.0,59.0,565.0,68.0
9,F,-7.604471396358403e-17,0.8733338326077142,,,,,,
10,G,-0.4885600171479846,0.5373894985298617,,13.0,434.0,25.0,0.1,60.0
11,G,-1.0759641860542997,0.3441831253124834,,1430.0,0.1,26.0,0.1,112.0
12,G,-0.19896683399804388,0.8604534133428343,,21.0,0.1,230.0,59.0,140.0
13,G,-6.239339237779981e-16,0.36528288025233524,,,,,,
14,G,1.3913722612148154,0.07018538910127531,.,0.1,10.0,16.0,3605.0,72.0
15,G,-4.0618661703634337e-16,0.33880788983248566,,,,,,
16,G,1.3059549979345648e-16,0.764736206300732,,,,,,
17,G,4.782714720808655e-16,0.5462728945174326,,,,,,
18,G,1.2601119425137257,0.10916905695303726,,0.1,62.0,0.1,2032.0,100.0
19,G,2.692995389129136e-16,0.5216581843795669,,,,,,
2,G,-0.016839235860452818,0.9829679253691261,,811.0,272.0,3974.0,48.0,265.0
20,G,-0.6991574356441275,0.36854408524016247,,17.0,0.1,28.0,0.1,51.0
21,G,2.407946314839693e-16,0.6048198817177676,,,,,,
22,G,5.704009692089699e-16,0.2767352164438436,,,,,,
23,G,1.536805367062547e-16,0.8918071096160217,,,,,,
24,G,-0.8534359180332279,0.4508961468825189,,12.0,12.0,25.0,0.1,49.0
25,G,1.0539646832975505e-16,0.8422400761721649,,,,,,
3,G,0.5350813937077553,0.49820044295080157,,0.1,94.0,189.0,32.0,138.0
4,G,-0.024434241405072388,0.9754553663452508,,17.0,2381.0,7517.0,261.0,139.0
5,G,0.5134524702393358,0.646000605339481,,36.0,29.0,26.0,3056.0,143.0
6,G,-5.226852044435786e-16,0.5606902527567506,,,,,,
7,G,3.9118546276172894e-16,0.3529151217599429,,,,,,
8,G,-0.12047426440858039,0.8741939428968462,,12.0,11.0,21.0,194.0,26.0
9,G,-1.69517073649404e-16,0.7826880761467093,,,,,,
10,H,-3.2122578030007526e-16,0.619843556539198,,,,,,
11,H,-4.936738047061841e-16,0.44586997682767915,,,,,,
12,H,9.575015031537239e-18,0.9877190267187714,,,,,,
13,H,0.45939725282516286,0.5415046947869475,,54.0,26.0,81.0,1846.0,79.0
14,H,2.3521854036465418e-17,0.9597950414033847,,,,,,
15,H,-6.259095081472328e-16,0.2027759224735769,,,,,,
16,H,-3.747078634683724e-16,0.3080053392177259,,,,,,
17,H,0.2103419191295458,0.8501680489848499,,11.0,10.0,467.0,0.1,87.0
18,H,-6.530831238902498e-16,0.1858785827947771,,,,,,
19,H,2.1005081326921066e-16,0.8008219490758897,,,,,,
2,H,-0.7690045713108475,0.32517962149084223,,105.0,0.1,686.0,0.1,180.0
20,H,2.321074510118916e-18,0.998216198415158,,,,,,
21,H,0.32899422612942886,0.7667951686744832,,162.0,127.0,197.0,0.1,113.0
22,H,-5.650713186450845e-16,0.39052826425030596,,,,,,
23,H,-0.5014105609028738,0.4931206466743405,,10.0,180.0,18.0,0.1,19.0
24,H,-3.4314034176436423e-17,0.9583615260742455,,,,,,
25,H,1.2481182182247403,0.26537886187008,,30.0,24.0,101.0,35.0,146.0
3,H,0.1567377435168342,0.8413706095087928,,97.0,196.0,431.0,69.0,59.0
4,H,-1.6105286493001385,0.04068795187714416,*,66.0,0.1,27.0,0.1,35.0
5,H,0.42501984557205463,0.7003071125479137,,673.0,0.1,0.1,1254.0,26.0
6,H,4.162132642893158e-16,0.5749978502797757,,,,,,
7,H,8.769000709716102e-17,0.8087674922828233,,,,,,
8,H,-1.186216652214081e-16,0.7444290125251775,,,,,,
9,H,7.825364499865396e-16,0.12463205058881698,,,,,,
10,I,3.766977947707606e-16,0.36353229276762256,,,,,,
11,I,-1.3217380295254992,0.2355760672261371,,686.0,0.1,4308.0,0.1,197.0
12,I,-1.4733103059402721,0.18391528769766385,,2487.0,0.1,551.0,0.1,122.0
13,I,2.488381309661548e-16,0.630139969876399,,,,,,
14,I,2.2137076773788504e-16,0.5372668327733182,,,,,,
15,I,-1.0795057588992283e-15,0.15683907014202123,,,,,,
16,I,0.48541392324408694,0.5333303946042454,,580.0,3421.0,0.1,297.0,111.0
17,I,1.8369668261882167e-16,0.6783850660468533,,,,,,
18,I,4.838886980792553e-16,0.1659559717507818,,,,,,
19,I,-0.8968850164934457,0.24013096523395672,,649.0,138.0,1133.0,0.1,90.0
2,I,-3.7791107395816093e-16,0.42349988680413253,,,,,,
20,I,1.081709921873929e-15,0.22901766918313282,,,,,,
21,I,-1.8607402098082254e-16,0.7411963886946681,,,,,,
22,I,1.7980795098847886,0.01687681453372718,*,0.1,29.0,0.1,68.0,28.0
23,I,-0.30593739720418295,0.6761924119414873,,20.0,14.0,66.0,183.0,57.0
24,I,0.4972494392547251,0.6540018003900958,,391.0,15.0,0.1,532.0,62.0
25,I,-7.330215748463313e-17,0.837868511080971,,,,,,
3,I,1.2976526518529237,0.09711246360713,.,0.1,3764.0,19.0,48.0,88.0
4,I,0.14468510617376673,0.8538349513276172,,0.1,442.0,24.0,0.1,80.0
5,I,1.9473408780742779e-16,0.5791030597035842,,,,,,
6,I,-1.7350869264270434e-16,0.6531495925418266,,,,,,
7,I,-7.141380771372095e-18,0.9864254824842078,,,,,,
8,I,1.3496920313019248e-16,0.8052866074906517,,,,,,
9,I,-1.2315157162701181e-16,0.7875115644170188,,,,,,
10,K,1.3492351614487639,0.08607018609347115,.,0.1,130.0,0.1,810.0,169.0
11,K,-2.7299943084204995e-16,0.47462400492378054,,,,,,
12,K,-0.16713264412766182,0.8814981532696865,,11.0,267.0,3053.0,0.1,218.0
13,K,-0.7097860447755786,0.34969190204350376,,102.0,0.1,19.0,38.0,134.0
14,K,2.754739729174079e-16,0.6229060366618265,,,,,,
15,K,3.0736372710790383e-17,0.9532825727888268,,,,,,
16,K,4.537282837559491e-16,0.13702466438112978,,,,,,
17,K,-4.1702195776511284e-16,0.3969733550416553,,,,,,
18,K,-1.254438493803667,0.1097783228759073,,25.0,18.0,48.0,0.1,74.0
19,K,-2.9073905730203934e-16,0.5096036205936973,,,,,,
2,K,-1.1685281836293189e-15,0.21631270705872585,,,,,,
20,K,8.106924639221727e-17,0.9527983444343864,,,,,,
21,K,0.9620077397669689,0.38691461358449075,,44.0,932.0,125.0,11.0,134.0
22,K,4.2684124751886957e-16,0.44754612339637545,,,,,,
23,K,8.27793499039409e-17,0.888168167184527,,,,,,
24,K,2.4156453058977253e-16,0.3592738237287867,,,,,,
25,K,0.8955972671432362,0.4275899379835716,,18.0,1188.0,38.0,0.1,51.0
3,K,-0.6007388596620572,0.44548721922998746,,13.0,11.0,35.0,0.1,113.0
4,K,0.5512680257365291,0.4862001756089005,,195.0,236.0,0.1,119.0,156.0
5,K,1.771287761965345e-16,0.35508664138197343,,,,,,
6,K,-0.34613374633942495,0.7571732756842748,,0.1,760.0,11.0,92.0,121.0
7,K,3.236603996422206e-18,0.9889868605829218,,,,,,
8,K,-0.4735870337647193,0.533962762184596,,292.0,0.1,0.1,204.0,78.0
9,K,2.0656007802254485e-16,0.7918788533741358,,,,,,
10,L,-0.7722550380405434,0.3333634715990432,,118.0,1829.0,150.0,0.1,451.0
11,L,-0.3343837020609059,0.7745522079664862,,738.0,304.0,123.0,0.1,289.0
12,L,-4.847547800026671e-16,0.5922641429466633,,,,,,
13,L,1.0131315297163659,0.1854504535867011,,0.1,128.0,0.1,140.0,306.0
14,L,-0.6793061911145467,0.3817625516732829,,2397.0,0.1,110.0,358.0,399.0
15,L,0.516372462806839,0.5064068551550169,,142.0,103.0,0.1,685.0,514.0
16,L,-0.3382416583957814,0.6705020271674202,,838.0,2747.0,127.0,4901.0,742.0
17,L,1.8220926908850767,0.11515966944541974,,41.0,1025.0,0.1,2758.0,490.0
18,L,-0.5186603244148957,0.5143922197308441,,967.0,446.0,104.0,1428.0,437.0
19,L,7.135825059543582e-18,0.9854546488581112,,,,,,
2,L,0.021216967008426346,0.9787303753480983,,330.0,1689.0,12653.0,55.0,567.0
20,L,-0.2547878272173809,0.744762917591475,,1820.0,0.1,28.0,87.0,280.0
21,L,0.4470075077649886,0.6978039367624276,,63.0,206.0,25297.0,252.0,452.0
22,L,-0.8298398639553611,0.2794553021833913,,464.0,28.0,13.0,0.1,380.0
23,L,-7.543125872724569e-16,0.7411000113961246,,,,,,
24,L,-1.7501415584129771,0.13176190163887094,,3447.0,0.1,35.0,0.1,276.0
25,L,1.4347442235174355,0.22105213123303347,,0.1,282.0,1093.0,34.0,98.0
3,L,0.4830073979298565,0.5451017474637314,,508.0,529.0,0.1,190.0,465.0
4,L,-1.797808382694091e-16,0.264974012383405,,,,,,
5,L,0.031414149528016355,0.97814920846443,,331.0,0.1,0.1,1701.0,495.0
6,L,-1.3815363991499716,0.2328863732074341,,3204.0,39.0,0.1,257.0,386.0
7,L,0.36657349869962746,0.6280854825138408,,33.0,18.0,89.0,324.0,306.0
8,L,0.40307202828115807,0.5995929061498317,,14.0,55.0,0.1,647.0,154.0
9,L,0.6981905772668573,0.36371720956607756,,798.0,493.0,0.1,74.0,202.0
10,M,2.1812572617829666e-17,0.8274854340745081,,,,,,
11,M,4.131713288952153e-17,0.5760994075270853,,,,,,
12,M,0.399003947873635,0.720813452503333,,0.1,133.0,4353.0,0.1,176.0
13,M,5.997867826993445e-17,0.19697032878792675,,,,,,
14,M,-3.718446509124879e-17,0.2273499908153318,,,,,,
15,M,3.686631619448645e-16,0.2295788209699855,,,,,,
16,M,-0.4453012929238357,0.5680633759244891,,1486.0,0.1,0.1,260.0,298.0
17,M,-7.234741138917708e-18,0.8072012861616384,,,,,,
18,M,0.20359808512125832,0.7938858639238582,,0.1,145.0,2364.0,166.0,149.0
19,M,-0.7702928078307186,0.3141302249664901,,2280.0,16.0,202.0,0.1,108.0
2,M,-0.020657461179628078,0.9788868574565762,,276.0,0.1,104.0,53.0,299.0
20,M,0.0,,,,,,,
21,M,1.370509274766063,0.21688294509779504,,33.0,33.0,19.0,204.0,169.0
22,M,0.0,,,,,,,
23,M,0.0,,,,,,,
24,M,0.0,,,,,,,
25,M,0.0,,,,,,,
3,M,0.2056097306504655,0.7929543257423767,,719.0,0.1,0.1,344.0,172.0
4,M,0.0,,,,,,,
5,M,0.23141784876300497,0.8340490524598773,,47.0,0.1,0.1,20.0,206.0
6,M,-1.2083113596464052,0.27739934942307287,,584.0,0.1,0.1,984.0,181.0
7,M,0.0,,,,,,,
8,M,0.0,,,,,,,
9,M,0.0,,,,,,,
10,N,-0.6930473986099743,0.3539569130221737,,92.0,0.1,0.1,49.0,115.0
11,N,0.0,,,,,,,
12,N,0.0,,,,,,,
13,N,1.018507228487568,0.15864898386523596,,12.0,13.0,0.1,2856.0,32.0
14,N,0.0,,,,,,,
15,N,0.0,,,,,,,
16,N,0.6855430414192945,0.35589216865106255,,0.1,523.0,0.1,154.0,136.0
17,N,-0.05123913836101551,0.9599378573575644,,24.0,0.1,96.0,82.0,154.0
18,N,0.0,,,,,,,
19,N,0.0,,,,,,,
2,N,0.0,,,,,,,
20,N,0.0,,,,,,,
21,N,0.0,,,,,,,
22,N,0.0,,,,,,,
23,N,0.0,,,,,,,
24,N,0.0,,,,,,,
25,N,0.0,,,,,,,
3,N,-0.35360213587113,0.63666396991476,,0.1,628.0,578.0,0.1,70.0
4,N,0.0,,,,,,,
5,N,0.0,,,,,,,
6,N,0.0,,,,,,,
7,N,0.0,,,,,,,
8,N,0.0,,,,,,,
9,N,0.0,,,,,,,
10,P,0.0,,,,,,,
11,P,0.0,,,,,,,
12,P,0.0,,,,,,,
13,P,-1.046944338119031,0.15797943949195237,,77.0,0.1,10.0,0.1,189.0
14,P,0.0,,,,,,,
15,P,0.0,,,,,,,
16,P,0.0,,,,,,,
17,P,0.0,,,,,,,
18,P,0.0,,,,,,,
19,P,0.937278806111223,0.21345753236426035,,13.0,597.0,17.0,104.0,262.0
2,P,0.0,,,,,,,
20,P,0.0,,,,,,,
21,P,0.0,,,,,,,
22,P,0.0,,,,,,,
23,P,0.15354657357333928,0.8303153490718836,,0.1,1105.0,14.0,0.1,175.0
24,P,0.0,,,,,,,
25,P,0.6718046003408588,0.5410696445000172,,10.0,14.0,20.0,0.1,94.0
3,P,-0.21584598315769576,0.7799531824287016,,907.0,0.1,0.1,24.0,174.0
4,P,-0.5661082717427792,0.4666749657082594,,13.0,0.1,16.0,17.0,126.0
5,P,0.6740691697514116,0.5312585910436847,,191.0,30.0,0.1,83.0,126.0
6,P,0.0,,,,,,,
7,P,-0.501170328846789,0.49537751937723773,,1406.0,591.0,4047.0,0.1,204.0
8,P,0.0,,,,,,,
9,P,0.0,,,,,,,
10,Q,1.2863834520064565,0.09424103071736961,.,0.1,107.0,0.1,1474.0,135.0
11,Q,0.0,,,,,,,
12,Q,0.0,,,,,,,
13,Q,0.0,,,,,,,
14,Q,0.0,,,,,,,
15,Q,0.26648050582548954,0.7225274721755038,,0.1,96.0,1845.0,193.0,196.0
16,Q,0.0,,,,,,,
17,Q,0.0,,,,,,,
18,Q,0.6165279015750083,0.42225634974683557,,0.1,15.0,0.1,19.0,53.0
19,Q,-0.2651050185477692,0.723280448538137,,27.0,19.0,360.0,13.0,79.0
2,Q,0.722249721905168,0.34672753703193204,,49.0,181.0,161.0,2306.0,133.0
20,Q,0.0,,,,,,,
21,Q,0.0,,,,,,,
22,Q,0.0,,,,,,,
23,Q,0.0,,,,,,,
24,Q,0.0,,,,,,,
25,Q,0.0,,,,,,,
3,Q,-0.007028796052719999,0.9927245666164977,,40.0,0.1,0.1,147.0,135.0
4,Q,-0.25590689796330524,0.7414523166313951,,50.0,0.1,0.1,114.0,102.0
5,Q,0.0,,,,,,,
6,Q,-1.9811080813367774,0.06559793968035366,.,340.0,0.1,0.1,27.0,63.0
7,Q,0.0,,,,,,,
8,Q,0.0,,,,,,,
9,Q,0.0,,,,,,,
10,R,1.3104423478349219,0.1004562065212188,,0.1,2302.0,0.1,173.0,234.0
11,R,0.5334727177196487,0.6472293178816988,,17.0,50.0,28.0,18.0,264.0
12,R,-0.5909171687056509,0.610586813988361,,695.0,518.0,6086.0,0.1,256.0
13,R,-0.776167763741557,0.31166512895997245,,83.0,14.0,18.0,0.1,240.0
14,R,0.0,,,,,,,
15,R,-0.9650803550521779,0.2150410343521858,,524.0,0.1,1147.0,138.0,367.0
16,R,0.28560739080816333,0.7192005523174441,,130.0,558.0,0.1,898.0,389.0
17,R,1.0352837849592085,0.3703957405190721,,1788.0,79.0,0.1,19.0,243.0
18,R,0.22769854317174287,0.7743907593500176,,1860.0,851.0,0.1,1423.0,253.0
19,R,-0.4509979998506588,0.5615879385535522,,43.0,15.0,9707.0,10.0,255.0
2,R,0.3980335798030016,0.6168559072832083,,0.1,1679.0,2317.0,0.1,317.0
20,R,-0.05348746646416164,0.9455729490226624,,64.0,0.1,339.0,131.0,246.0
21,R,-0.48641898968129493,0.6725945986857522,,4293.0,15.0,2241.0,0.1,382.0
22,R,0.0,,,,,,,
23,R,0.0,,,,,,,
24,R,-0.41791495074384977,0.718675897786007,,395.0,0.1,0.1,44.0,137.0
25,R,0.24776334544276832,0.8321195784093857,,889.0,1255.0,1212.0,0.1,280.0
3,R,0.0,,,,,,,
4,R,-0.3208162384827776,0.6890754480289308,,41.0,2959.0,18.0,0.1,212.0
5,R,1.0207765949501582,0.373848922081613,,189.0,2304.0,0.1,1103.0,333.0
6,R,-0.027238937175495075,0.9811787001827409,,0.1,2586.0,0.1,32.0,177.0
7,R,0.0,,,,,,,
8,R,0.0,,,,,,,
9,R,-0.6970451530559733,0.36534763980074814,,1817.0,48.0,22.0,0.1,133.0
10,S,1.1268291524983234,0.15547689207793175,,0.1,2016.0,0.1,456.0,307.0
11,S,0.0,,,,,,,
12,S,0.24544673907249334,0.8303050899842054,,33.0,239.0,1716.0,229.0,384.0
13,S,0.0,,,,,,,
14,S,0.4540824962065022,0.5554863665597439,,12.0,8471.0,43.0,13.0,316.0
15,S,-0.22561780094440675,0.7699111663445773,,323.0,592.0,1241.0,824.0,529.0
16,S,-0.941455913211855,0.23291365276651754,,109.0,3093.0,2975.0,14.0,517.0
17,S,0.0,,,,,,,
18,S,-1.1090887894659893,0.15981555337101183,,184.0,0.1,12.0,278.0,416.0
19,S,0.0,,,,,,,
2,S,0.24448733471358786,0.7570848536842772,,161.0,160.0,1495.0,1488.0,412.0
20,S,-0.4918993403810082,0.5269661177259453,,15.0,16.0,4785.0,0.1,315.0
21,S,-1.0504398311375027,0.3533957147929665,,1768.0,0.1,2084.0,0.1,329.0
22,S,0.7666196116771548,0.3130610942533203,,56.0,50.0,0.1,1736.0,110.0
23,S,0.0,,,,,,,
24,S,0.0,,,,,,,
25,S,0.0,,,,,,,
3,S,0.22474599841357082,0.7766313501273701,,511.0,294.0,83.0,19719.0,283.0
4,S,0.5654916140874185,0.4782360185932072,,16.0,127.0,0.1,598.0,241.0
5,S,-0.5667897844152184,0.6148539640197519,,10.0,0.1,2755.0,3158.0,306.0
6,S,0.0,,,,,,,
7,S,-0.4546630734416443,0.5447740426631282,,794.0,180.0,23.0,0.1,156.0
8,S,0.3128397652904957,0.6806951341377168,,87.0,1615.0,0.1,63.0,112.0
9,S,1.3530074274122388,0.07592058814978454,.,0.1,286.0,0.1,31.0,188.0
10,T,0.10989923266641519,0.8893282001559716,,41.0,213.0,885.0,2245.0,158.0
11,T,0.0,,,,,,,
12,T,0.0,,,,,,,
13,T,0.0,,,,,,,
14,T,0.0,,,,,,,
15,T,-0.2435909079077759,0.7516672380629278,,0.1,29.0,1499.0,0.1,383.0
16,T,-0.6113760763059645,0.43700873878255686,,27.0,762.0,19.0,0.1,382.0
17,T,0.6384294695187127,0.5746146302861215,,2642.0,2207.0,581.0,14.0,257.0
18,T,0.3474579136475979,0.6590768701211294,,25.0,34.0,0.1,127.0,131.0
19,T,0.20312396603832064,0.7918356594353279,,0.1,134.0,1198.0,0.1,183.0
2,T,-0.6043225280318092,0.44303448169729165,,30.0,0.1,190.0,0.1,276.0
20,T,0.31544382513803365,0.6838861408102024,,1572.0,422.0,1562.0,36.0,274.0
21,T,-0.056400491368940486,0.9602431490590049,,2441.0,27.0,103.0,0.1,249.0
22,T,0.22240270899521364,0.7701997496759603,,186.0,0.1,0.1,829.0,133.0
23,T,0.9076289123145149,0.2155485536572994,,25.0,4656.0,0.1,173.0,202.0
24,T,0.0,,,,,,,
25,T,0.0,,,,,,,
3,T,0.0,,,,,,,
4,T,-0.0002543398560720389,0.9997448994747784,,225.0,0.1,0.1,493.0,93.0
5,T,0.44740033042106786,0.691133771470891,,388.0,62.0,0.1,15.0,220.0
6,T,-1.5515726771177911,0.17224065743917727,,121.0,59.0,1164.0,586.0,186.0
7,T,0.0,,,,,,,
8,T,0.0,,,,,,,
9,T,0.0,,,,,,,
10,V,0.0,,,,,,,
11,V,0.0,,,,,,,
12,V,0.0,,,,,,,
13,V,0.0,,,,,,,
14,V,-0.45579461500788937,0.5535222368283552,,26.0,359.0,1239.0,0.1,233.0
15,V,-0.01987953257745924,0.9793726117712603,,50.0,4719.0,3154.0,52.0,201.0
16,V,0.43063825148873214,0.5843470355327041,,13.0,806.0,0.1,275.0,344.0
17,V,1.5672368537992734,0.16847934264647657,,542.0,733.0,0.1,156.0,194.0
18,V,0.0,,,,,,,
19,V,0.7963248133313712,0.3003061073444161,,0.1,71.0,308.0,172.0,275.0
2,V,0.5137693744604386,0.5149086441194668,,10.0,3283.0,1690.0,14.0,282.0
20,V,-0.25026060601604955,0.7472789525369502,,834.0,619.0,1225.0,0.1,267.0
21,V,0.0,,,,,,,
22,V,0.0,,,,,,,
23,V,0.0,,,,,,,
24,V,0.6189727385072074,0.5874026394424174,,0.1,133.0,11.0,42.0,188.0
25,V,0.0,,,,,,,
3,V,-1.8350854305645201,0.020400888536424903,*,2348.0,0.1,670.0,0.1,187.0
4,V,0.5293379874608066,0.5062482881663086,,0.1,872.0,112.0,40.0,191.0
5,V,1.5065197846963567,0.1804231244547676,,0.1,249.0,0.1,385.0,210.0
6,V,-1.6871361620835772,0.137588239799849,,540.0,0.1,0.1,177.0,103.0
7,V,-0.1592301984390766,0.8323463311293408,,916.0,450.0,18.0,0.1,178.0
8,V,0.0,,,,,,,
9,V,-1.2815256059777698,0.0923978742949048,.,435.0,0.1,49.0,0.1,126.0
10,W,-0.9812869447658622,0.21148255808744332,,259.0,0.1,0.1,56.0,177.0
11,W,0.0,,,,,,,
12,W,1.524749844306249,0.1717838648534038,,0.1,256.0,0.1,1075.0,188.0
13,W,0.0,,,,,,,
14,W,-0.17796044185810578,0.8158417928157738,,40.0,0.1,0.1,269.0,139.0
15,W,0.0,,,,,,,
16,W,0.0,,,,,,,
17,W,0.19178978260136226,0.8631161869042596,,0.1,1389.0,3443.0,0.1,62.0
18,W,0.4241001682270932,0.586975032824447,,0.1,624.0,0.1,29.0,111.0
19,W,0.0,,,,,,,
2,W,0.3344821619397795,0.6692932842311881,,1487.0,270.0,0.1,64.0,201.0
20,W,0.0,,,,,,,
21,W,0.0,,,,,,,
22,W,0.0,,,,,,,
23,W,0.0,,,,,,,
24,W,1.077784982317152,0.3336558114391125,,0.1,52.0,0.1,570.0,61.0
25,W,0.0,,,,,,,
3,W,0.0,,,,,,,
4,W,-0.8698915312957533,0.2704162856771223,,720.0,0.1,0.1,289.0,125.0
5,W,0.0,,,,,,,
6,W,0.0,,,,,,,
7,W,0.0,,,,,,,
8,W,0.5885423780272128,0.4362710029276653,,0.1,18.0,0.1,214.0,52.0
9,W,-1.2994618446985442,0.08585468667495258,.,105.0,14.0,53.0,0.1,67.0
10,Y,-0.0889214901583546,0.9088906962527369,,0.1,13.0,45.0,74.0,155.0
11,Y,-0.027408410568199315,0.9802342627175129,,64.0,0.1,0.1,15.0,61.0
12,Y,0.0,,,,,,,
13,Y,0.0,,,,,,,
14,Y,0.0,,,,,,,
15,Y,0.0,,,,,,,
16,Y,0.0,,,,,,,
17,Y,0.0,,,,,,,
18,Y,0.0,,,,,,,
19,Y,0.0,,,,,,,
2,Y,-1.4313172920527473,0.06548268465896584,.,268.0,0.1,23.0,0.1,78.0
20,Y,0.4654303465174192,0.5420910409536367,,17.0,109.0,56.0,49.0,146.0
21,Y,2.0939587895587697,0.05470694269077918,.,0.1,353.0,0.1,98.0,114.0
22,Y,0.0,,,,,,,
23,Y,0.0,,,,,,,
24,Y,0.0,,,,,,,
25,Y,0.0,,,,,,,
3,Y,0.0,,,,,,,
4,Y,1.370263469643188,0.08019012096174968,.,0.1,24.0,0.1,243.0,31.0
5,Y,0.0,,,,,,,
6,Y,-1.9369713201417218,0.07670787286218479,.,266.0,15.0,36.0,451.0,53.0
7,Y,0.15525923599659958,0.8352532821980367,,0.1,43.0,25.0,0.1,45.0
8,Y,0.0,,,,,,,
9,Y,0.0,,,,,,,
